<?xml version="1.0"?>
<?mso-application progid="Excel.Sheet"?>
<Workbook xmlns="urn:schemas-microsoft-com:office:spreadsheet"
 xmlns:o="urn:schemas-microsoft-com:office:office"
 xmlns:x="urn:schemas-microsoft-com:office:excel"
 xmlns:ss="urn:schemas-microsoft-com:office:spreadsheet"
 xmlns:html="http://www.w3.org/TR/REC-html40">
 <DocumentProperties xmlns="urn:schemas-microsoft-com:office:office">
  <Author>White, Rick</Author>
  <LastAuthor>White, Rick</LastAuthor>
  <Created>2018-08-07T17:02:04Z</Created>
  <LastSaved>2018-08-07T17:14:22Z</LastSaved>
  <Company>Mentor Graphics</Company>
  <Version>15.00</Version>
 </DocumentProperties>
 <OfficeDocumentSettings xmlns="urn:schemas-microsoft-com:office:office">
  <AllowPNG/>
 </OfficeDocumentSettings>
 <ExcelWorkbook xmlns="urn:schemas-microsoft-com:office:excel">
  <WindowHeight>14040</WindowHeight>
  <WindowWidth>30450</WindowWidth>
  <WindowTopX>0</WindowTopX>
  <WindowTopY>0</WindowTopY>
  <RefModeR1C1/>
  <ProtectStructure>False</ProtectStructure>
  <ProtectWindows>False</ProtectWindows>
 </ExcelWorkbook>
 <Styles>
  <Style ss:ID="Default" ss:Name="Normal">
   <Alignment ss:Vertical="Bottom"/>
   <Borders/>
   <Font ss:FontName="Calibri" x:Family="Swiss" ss:Size="11" ss:Color="#000000"/>
   <Interior/>
   <NumberFormat/>
   <Protection/>
  </Style>
  <Style ss:ID="s85">
   <Alignment ss:Vertical="Top"/>
   <Borders>
    <Border ss:Position="Bottom" ss:LineStyle="Continuous" ss:Weight="1"/>
    <Border ss:Position="Left" ss:LineStyle="Continuous" ss:Weight="1"/>
    <Border ss:Position="Right" ss:LineStyle="Continuous" ss:Weight="1"/>
    <Border ss:Position="Top" ss:LineStyle="Continuous" ss:Weight="1"/>
   </Borders>
   <Font ss:FontName="Calibri" x:Family="Swiss" ss:Size="11" ss:Color="#000000"
    ss:Bold="1"/>
   <Interior ss:Color="#90EE90" ss:Pattern="Solid"/>
  </Style>
  <Style ss:ID="s86">
   <Alignment ss:Vertical="Top"/>
   <Borders>
    <Border ss:Position="Bottom" ss:LineStyle="Continuous" ss:Weight="1"/>
    <Border ss:Position="Left" ss:LineStyle="Continuous" ss:Weight="1"/>
    <Border ss:Position="Right" ss:LineStyle="Continuous" ss:Weight="1"/>
    <Border ss:Position="Top" ss:LineStyle="Continuous" ss:Weight="1"/>
   </Borders>
   <Interior ss:Color="#90EE90" ss:Pattern="Solid"/>
  </Style>
  <Style ss:ID="s87">
   <Alignment ss:Vertical="Top"/>
  </Style>
  <Style ss:ID="s90">
   <Alignment ss:Vertical="Top"/>
   <Borders>
    <Border ss:Position="Bottom" ss:LineStyle="Continuous" ss:Weight="1"/>
    <Border ss:Position="Left" ss:LineStyle="Continuous" ss:Weight="1"/>
    <Border ss:Position="Right" ss:LineStyle="Continuous" ss:Weight="1"/>
    <Border ss:Position="Top" ss:LineStyle="Continuous" ss:Weight="1"/>
   </Borders>
   <Font ss:FontName="Calibri" x:Family="Swiss" ss:Size="11" ss:Color="#000000"
    ss:Bold="1"/>
   <Interior ss:Color="#ADD8E6" ss:Pattern="Solid"/>
  </Style>
  <Style ss:ID="s91">
   <Alignment ss:Vertical="Top"/>
   <Borders>
    <Border ss:Position="Bottom" ss:LineStyle="Continuous" ss:Weight="1"/>
    <Border ss:Position="Left" ss:LineStyle="Continuous" ss:Weight="1"/>
    <Border ss:Position="Right" ss:LineStyle="Continuous" ss:Weight="1"/>
    <Border ss:Position="Top" ss:LineStyle="Continuous" ss:Weight="1"/>
   </Borders>
   <Interior ss:Color="#ADD8E6" ss:Pattern="Solid"/>
  </Style>
  <Style ss:ID="s94">
   <Alignment ss:Vertical="Top" ss:WrapText="1"/>
   <Borders>
    <Border ss:Position="Bottom" ss:LineStyle="Continuous" ss:Weight="1"/>
    <Border ss:Position="Left" ss:LineStyle="Continuous" ss:Weight="1"/>
    <Border ss:Position="Right" ss:LineStyle="Continuous" ss:Weight="1"/>
    <Border ss:Position="Top" ss:LineStyle="Continuous" ss:Weight="1"/>
   </Borders>
   <Font ss:FontName="Calibri" x:Family="Swiss" ss:Size="11" ss:Color="#000000"
    ss:Bold="1"/>
   <Interior ss:Color="#90EE90" ss:Pattern="Solid"/>
  </Style>
  <Style ss:ID="s95">
   <Alignment ss:Vertical="Top" ss:WrapText="1"/>
   <Borders>
    <Border ss:Position="Bottom" ss:LineStyle="Continuous" ss:Weight="1"/>
    <Border ss:Position="Left" ss:LineStyle="Continuous" ss:Weight="1"/>
    <Border ss:Position="Right" ss:LineStyle="Continuous" ss:Weight="1"/>
    <Border ss:Position="Top" ss:LineStyle="Continuous" ss:Weight="1"/>
   </Borders>
   <Interior ss:Color="#90EE90" ss:Pattern="Solid"/>
  </Style>
  <Style ss:ID="s96">
   <Alignment ss:Vertical="Top" ss:WrapText="1"/>
  </Style>
  <Style ss:ID="s97">
   <Alignment ss:Vertical="Top" ss:WrapText="1"/>
   <Borders>
    <Border ss:Position="Bottom" ss:LineStyle="Continuous" ss:Weight="1"/>
    <Border ss:Position="Left" ss:LineStyle="Continuous" ss:Weight="1"/>
    <Border ss:Position="Right" ss:LineStyle="Continuous" ss:Weight="1"/>
    <Border ss:Position="Top" ss:LineStyle="Continuous" ss:Weight="1"/>
   </Borders>
   <Font ss:FontName="Calibri" x:Family="Swiss" ss:Size="11" ss:Color="#000000"
    ss:Bold="1"/>
   <Interior ss:Color="#ADD8E6" ss:Pattern="Solid"/>
  </Style>
  <Style ss:ID="s98">
   <Alignment ss:Vertical="Top" ss:WrapText="1"/>
   <Borders>
    <Border ss:Position="Bottom" ss:LineStyle="Continuous" ss:Weight="1"/>
    <Border ss:Position="Left" ss:LineStyle="Continuous" ss:Weight="1"/>
    <Border ss:Position="Right" ss:LineStyle="Continuous" ss:Weight="1"/>
    <Border ss:Position="Top" ss:LineStyle="Continuous" ss:Weight="1"/>
   </Borders>
   <Interior ss:Color="#ADD8E6" ss:Pattern="Solid"/>
  </Style>
  <Style ss:ID="s160">
   <Alignment ss:Vertical="Top" ss:WrapText="1"/>
   <Borders>
    <Border ss:Position="Bottom" ss:LineStyle="Continuous" ss:Weight="1"/>
    <Border ss:Position="Left" ss:LineStyle="Continuous" ss:Weight="1"/>
    <Border ss:Position="Right" ss:LineStyle="Continuous" ss:Weight="1"/>
    <Border ss:Position="Top" ss:LineStyle="Continuous" ss:Weight="1"/>
   </Borders>
   <Font ss:FontName="Calibri" x:Family="Swiss" ss:Size="11" ss:Color="#000000"/>
   <Interior ss:Color="#90EE90" ss:Pattern="Solid"/>
  </Style>
  <Style ss:ID="s161">
   <Alignment ss:Vertical="Top" ss:WrapText="1"/>
   <Borders>
    <Border ss:Position="Bottom" ss:LineStyle="Continuous" ss:Weight="1"/>
    <Border ss:Position="Left" ss:LineStyle="Continuous" ss:Weight="1"/>
    <Border ss:Position="Right" ss:LineStyle="Continuous" ss:Weight="1"/>
    <Border ss:Position="Top" ss:LineStyle="Continuous" ss:Weight="1"/>
   </Borders>
   <Font ss:FontName="Calibri" x:Family="Swiss" ss:Size="11" ss:Color="#000000"/>
   <Interior ss:Color="#ADD8E6" ss:Pattern="Solid"/>
  </Style>
  <Style ss:ID="s162">
   <Alignment ss:Vertical="Top"/>
   <Borders>
    <Border ss:Position="Bottom" ss:LineStyle="Continuous" ss:Weight="1"/>
    <Border ss:Position="Left" ss:LineStyle="Continuous" ss:Weight="1"/>
    <Border ss:Position="Right" ss:LineStyle="Continuous" ss:Weight="1"/>
    <Border ss:Position="Top" ss:LineStyle="Continuous" ss:Weight="1"/>
   </Borders>
   <Font ss:FontName="Calibri" x:Family="Swiss" ss:Size="11" ss:Color="#000000"/>
   <Interior ss:Color="#90EE90" ss:Pattern="Solid"/>
  </Style>
  <Style ss:ID="s163">
   <Alignment ss:Vertical="Top"/>
   <Borders>
    <Border ss:Position="Bottom" ss:LineStyle="Continuous" ss:Weight="1"/>
    <Border ss:Position="Left" ss:LineStyle="Continuous" ss:Weight="1"/>
    <Border ss:Position="Right" ss:LineStyle="Continuous" ss:Weight="1"/>
    <Border ss:Position="Top" ss:LineStyle="Continuous" ss:Weight="1"/>
   </Borders>
   <Font ss:FontName="Calibri" x:Family="Swiss" ss:Size="11" ss:Color="#000000"/>
   <Interior ss:Color="#ADD8E6" ss:Pattern="Solid"/>
  </Style>
 </Styles>
 <Worksheet ss:Name="_LINK_DETAILS">
  <Table ss:ExpandedColumnCount="1" ss:ExpandedRowCount="1" x:FullColumns="1"
   x:FullRows="1" ss:DefaultRowHeight="15">
  </Table>
  <WorksheetOptions xmlns="urn:schemas-microsoft-com:office:excel">
   <PageSetup>
    <Header x:Margin="0.3"/>
    <Footer x:Margin="0.3"/>
    <PageMargins x:Bottom="0.75" x:Left="0.7" x:Right="0.7" x:Top="0.75"/>
   </PageSetup>
   <Visible>SheetVeryHidden</Visible>
   <ProtectObjects>False</ProtectObjects>
   <ProtectScenarios>False</ProtectScenarios>
  </WorksheetOptions>
 </Worksheet>
 <Worksheet ss:Name="Testplan">
  <Table ss:ExpandedColumnCount="8" ss:ExpandedRowCount="9" x:FullColumns="1"
   x:FullRows="1" ss:DefaultRowHeight="15">
   <Column ss:Index="2" ss:StyleID="s87" ss:Width="39.75"/>
   <Column ss:StyleID="s87" ss:Width="80.25"/>
   <Column ss:StyleID="s96" ss:AutoFitWidth="0" ss:Width="266.25"/>
   <Column ss:StyleID="s96" ss:AutoFitWidth="0" ss:Width="292.5"/>
   <Column ss:StyleID="s87" ss:Width="57"/>
   <Column ss:StyleID="s87" ss:Width="39.75"/>
   <Column ss:StyleID="s87" ss:Width="27"/>
   <Row ss:Index="3">
    <Cell ss:Index="2" ss:StyleID="s85"><Data ss:Type="String">Section</Data></Cell>
    <Cell ss:StyleID="s90"><Data ss:Type="String">Title</Data></Cell>
    <Cell ss:StyleID="s94"><Data ss:Type="String">Description</Data></Cell>
    <Cell ss:StyleID="s97"><Data ss:Type="String">Link</Data></Cell>
    <Cell ss:StyleID="s85"><Data ss:Type="String">Type</Data></Cell>
    <Cell ss:StyleID="s90"><Data ss:Type="String">Weight</Data></Cell>
    <Cell ss:StyleID="s85"><Data ss:Type="String">Goal</Data></Cell>
   </Row>
   <Row>
    <Cell ss:Index="2" ss:StyleID="s86"><Data ss:Type="String" x:Ticked="1">1</Data></Cell>
    <Cell ss:StyleID="s91"><Data ss:Type="String">alu_in</Data></Cell>
    <Cell ss:StyleID="s95"><Data ss:Type="String">alu_in transaction coverage</Data></Cell>
    <Cell ss:StyleID="s98"/>
    <Cell ss:StyleID="s86"/>
    <Cell ss:StyleID="s91"><Data ss:Type="Number">0</Data></Cell>
    <Cell ss:StyleID="s86"><Data ss:Type="Number">0</Data></Cell>
   </Row>
   <Row>
    <Cell ss:Index="2" ss:StyleID="s86"><Data ss:Type="String" x:Ticked="1">1.1</Data></Cell>
    <Cell ss:StyleID="s91"><Data ss:Type="String">Operations</Data></Cell>
    <Cell ss:StyleID="s95"><Data ss:Type="String">This cover point tracks the available ALU operations</Data></Cell>
    <Cell ss:StyleID="s98"><Data ss:Type="String">alu_in_transaction_cg:op</Data></Cell>
    <Cell ss:StyleID="s86"><Data ss:Type="String">CoverPoint</Data></Cell>
    <Cell ss:StyleID="s91"><Data ss:Type="Number">1</Data></Cell>
    <Cell ss:StyleID="s86"><Data ss:Type="Number">100</Data></Cell>
   </Row>
   <Row>
    <Cell ss:Index="2" ss:StyleID="s86"><Data ss:Type="String" x:Ticked="1">1.2</Data></Cell>
    <Cell ss:StyleID="s91"><Data ss:Type="String">Operand A</Data></Cell>
    <Cell ss:StyleID="s160"><Data ss:Type="String">This cover point tracks the Operands used for A</Data></Cell>
    <Cell ss:StyleID="s161"><Data ss:Type="String">alu_in_transaction_cg:a</Data></Cell>
    <Cell ss:StyleID="s162"><Data ss:Type="String">CoverPoint</Data></Cell>
    <Cell ss:StyleID="s163"><Data ss:Type="Number">1</Data></Cell>
    <Cell ss:StyleID="s162"><Data ss:Type="Number">100</Data></Cell>
   </Row>
   <Row>
    <Cell ss:Index="2" ss:StyleID="s86"><Data ss:Type="String" x:Ticked="1">1.3</Data></Cell>
    <Cell ss:StyleID="s91"><Data ss:Type="String">Operand B</Data></Cell>
    <Cell ss:StyleID="s160"><Data ss:Type="String">This cover point tracks the Operands used for B</Data></Cell>
    <Cell ss:StyleID="s161"><Data ss:Type="String">alu_in_transaction_cg:b</Data></Cell>
    <Cell ss:StyleID="s162"><Data ss:Type="String">CoverPoint</Data></Cell>
    <Cell ss:StyleID="s163"><Data ss:Type="Number">1</Data></Cell>
    <Cell ss:StyleID="s162"><Data ss:Type="Number">100</Data></Cell>
   </Row>
   <Row ss:Height="30">
    <Cell ss:Index="2" ss:StyleID="s86"><Data ss:Type="String" x:Ticked="1">2</Data></Cell>
    <Cell ss:StyleID="s91"><Data ss:Type="String">APB3 Coverage</Data></Cell>
    <Cell ss:StyleID="s160"><Data ss:Type="String">Import APB3 functional verification plan</Data></Cell>
    <Cell ss:StyleID="s161"><Data ss:Type="String" x:Ticked="1">-format Excel -root 2 -excelsheet APB3_protocol_coverage &quot;APB3_functional_verification_plan.xml&quot;</Data></Cell>
    <Cell ss:StyleID="s162"><Data ss:Type="String">XML</Data></Cell>
    <Cell ss:StyleID="s163"><Data ss:Type="Number">1</Data></Cell>
    <Cell ss:StyleID="s162"><Data ss:Type="Number">100</Data></Cell>
   </Row>
   <Row>
    <Cell ss:Index="2" ss:StyleID="Default"/>
    <Cell ss:StyleID="Default"/>
    <Cell ss:StyleID="Default"/>
    <Cell ss:StyleID="Default"/>
    <Cell ss:StyleID="Default"/>
    <Cell ss:StyleID="Default"/>
    <Cell ss:StyleID="Default"/>
   </Row>
  </Table>
  <WorksheetOptions xmlns="urn:schemas-microsoft-com:office:excel">
   <PageSetup>
    <Header x:Margin="0.3"/>
    <Footer x:Margin="0.3"/>
    <PageMargins x:Bottom="0.75" x:Left="0.7" x:Right="0.7" x:Top="0.75"/>
   </PageSetup>
   <Print>
    <ValidPrinterInfo/>
    <HorizontalResolution>600</HorizontalResolution>
    <VerticalResolution>600</VerticalResolution>
   </Print>
   <Selected/>
   <FreezePanes/>
   <FrozenNoSplit/>
   <SplitHorizontal>3</SplitHorizontal>
   <TopRowBottomPane>3</TopRowBottomPane>
   <SplitVertical>2</SplitVertical>
   <LeftColumnRightPane>2</LeftColumnRightPane>
   <ActivePane>0</ActivePane>
   <Panes>
    <Pane>
     <Number>3</Number>
    </Pane>
    <Pane>
     <Number>1</Number>
    </Pane>
    <Pane>
     <Number>2</Number>
    </Pane>
    <Pane>
     <Number>0</Number>
     <ActiveRow>7</ActiveRow>
     <ActiveCol>4</ActiveCol>
    </Pane>
   </Panes>
   <ProtectObjects>False</ProtectObjects>
   <ProtectScenarios>False</ProtectScenarios>
  </WorksheetOptions>
 </Worksheet>
</Workbook>
