<?xml version="1.0"?>
<?mso-application progid="Excel.Sheet"?>
<Workbook xmlns="urn:schemas-microsoft-com:office:spreadsheet"
 xmlns:o="urn:schemas-microsoft-com:office:office"
 xmlns:x="urn:schemas-microsoft-com:office:excel"
 xmlns:ss="urn:schemas-microsoft-com:office:spreadsheet"
 xmlns:html="http://www.w3.org/TR/REC-html40">
 <DocumentProperties xmlns="urn:schemas-microsoft-com:office:office">
  <Author>Allan Crone</Author>
  <LastAuthor>Bob Oden</LastAuthor>
  <Created>2006-10-02T07:59:43Z</Created>
  <LastSaved>2013-03-12T21:39:23Z</LastSaved>
  <Company>Mentor Graphics</Company>
  <Version>15.00</Version>
 </DocumentProperties>
 <OfficeDocumentSettings xmlns="urn:schemas-microsoft-com:office:office">
  <AllowPNG/>
 </OfficeDocumentSettings>
 <ExcelWorkbook xmlns="urn:schemas-microsoft-com:office:excel">
  <WindowHeight>11115</WindowHeight>
  <WindowWidth>31065</WindowWidth>
  <WindowTopX>0</WindowTopX>
  <WindowTopY>0</WindowTopY>
  <TabRatio>416</TabRatio>
  <ProtectStructure>False</ProtectStructure>
  <ProtectWindows>False</ProtectWindows>
 </ExcelWorkbook>
 <Styles>
  <Style ss:ID="Default" ss:Name="Normal">
   <Alignment ss:Vertical="Bottom"/>
   <Borders/>
   <Font ss:FontName="Arial" x:Family="Swiss"/>
   <Interior/>
   <NumberFormat/>
   <Protection/>
  </Style>
  <Style ss:ID="s62">
   <NumberFormat ss:Format="@"/>
  </Style>
  <Style ss:ID="s63">
   <Font ss:FontName="Arial" x:Family="Swiss" ss:Size="16" ss:Bold="1"
    ss:Italic="1" ss:Underline="Single"/>
   <NumberFormat ss:Format="@"/>
  </Style>
  <Style ss:ID="s64">
   <Borders>
    <Border ss:Position="Bottom" ss:LineStyle="Continuous" ss:Weight="2"/>
    <Border ss:Position="Left" ss:LineStyle="Continuous" ss:Weight="2"/>
    <Border ss:Position="Right" ss:LineStyle="Continuous" ss:Weight="2"/>
    <Border ss:Position="Top" ss:LineStyle="Continuous" ss:Weight="2"/>
   </Borders>
   <Font ss:FontName="Arial" x:Family="Swiss" ss:Size="14" ss:Bold="1"/>
   <Interior ss:Color="#99CCFF" ss:Pattern="Solid"/>
   <NumberFormat ss:Format="@"/>
  </Style>
  <Style ss:ID="s65">
   <Borders>
    <Border ss:Position="Bottom" ss:LineStyle="Continuous" ss:Weight="2"/>
    <Border ss:Position="Left" ss:LineStyle="Continuous" ss:Weight="2"/>
    <Border ss:Position="Right" ss:LineStyle="Continuous" ss:Weight="2"/>
    <Border ss:Position="Top" ss:LineStyle="Continuous" ss:Weight="2"/>
   </Borders>
   <Font ss:FontName="Arial" x:Family="Swiss" ss:Size="14" ss:Bold="1"/>
   <Interior ss:Color="#99CCFF" ss:Pattern="Solid"/>
  </Style>
  <Style ss:ID="s66">
   <Borders>
    <Border ss:Position="Bottom" ss:LineStyle="Continuous" ss:Weight="2"/>
    <Border ss:Position="Left" ss:LineStyle="Continuous" ss:Weight="2"/>
    <Border ss:Position="Right" ss:LineStyle="Continuous" ss:Weight="2"/>
    <Border ss:Position="Top" ss:LineStyle="Continuous" ss:Weight="2"/>
   </Borders>
   <Font ss:FontName="Arial" x:Family="Swiss" ss:Bold="1"/>
   <Interior ss:Color="#CCFFFF" ss:Pattern="Solid"/>
   <NumberFormat ss:Format="@"/>
  </Style>
  <Style ss:ID="s67">
   <Borders>
    <Border ss:Position="Bottom" ss:LineStyle="Continuous" ss:Weight="2"/>
    <Border ss:Position="Left" ss:LineStyle="Continuous" ss:Weight="2"/>
    <Border ss:Position="Right" ss:LineStyle="Continuous" ss:Weight="2"/>
    <Border ss:Position="Top" ss:LineStyle="Continuous" ss:Weight="2"/>
   </Borders>
   <Font ss:FontName="Arial" x:Family="Swiss"/>
   <Interior ss:Color="#CCFFFF" ss:Pattern="Solid"/>
  </Style>
  <Style ss:ID="s68">
   <Borders>
    <Border ss:Position="Bottom" ss:LineStyle="Continuous" ss:Weight="2"/>
    <Border ss:Position="Right" ss:LineStyle="Continuous" ss:Weight="2"/>
    <Border ss:Position="Top" ss:LineStyle="Continuous" ss:Weight="2"/>
   </Borders>
   <Font ss:FontName="Arial" x:Family="Swiss" ss:Bold="1"/>
   <Interior ss:Color="#CCFFFF" ss:Pattern="Solid"/>
  </Style>
  <Style ss:ID="s69">
   <Alignment ss:Vertical="Top" ss:WrapText="1"/>
   <Borders>
    <Border ss:Position="Bottom" ss:LineStyle="Continuous" ss:Weight="2"/>
    <Border ss:Position="Left" ss:LineStyle="Continuous" ss:Weight="2"/>
    <Border ss:Position="Right" ss:LineStyle="Continuous" ss:Weight="2"/>
    <Border ss:Position="Top" ss:LineStyle="Continuous" ss:Weight="2"/>
   </Borders>
   <Font ss:FontName="Arial" x:Family="Swiss"/>
   <Interior ss:Color="#CCFFFF" ss:Pattern="Solid"/>
   <NumberFormat ss:Format="@"/>
  </Style>
  <Style ss:ID="s70">
   <Alignment ss:Vertical="Top" ss:WrapText="1"/>
   <Borders>
    <Border ss:Position="Bottom" ss:LineStyle="Continuous" ss:Weight="2"/>
    <Border ss:Position="Left" ss:LineStyle="Continuous" ss:Weight="2"/>
    <Border ss:Position="Right" ss:LineStyle="Continuous" ss:Weight="2"/>
    <Border ss:Position="Top" ss:LineStyle="Continuous" ss:Weight="2"/>
   </Borders>
   <Font ss:FontName="Arial" x:Family="Swiss"/>
   <Interior ss:Color="#CCFFFF" ss:Pattern="Solid"/>
   <NumberFormat/>
  </Style>
  <Style ss:ID="s71">
   <Alignment ss:Vertical="Top" ss:WrapText="1"/>
   <Borders>
    <Border ss:Position="Bottom" ss:LineStyle="Continuous" ss:Weight="2"/>
    <Border ss:Position="Right" ss:LineStyle="Continuous" ss:Weight="2"/>
    <Border ss:Position="Top" ss:LineStyle="Continuous" ss:Weight="2"/>
   </Borders>
   <Font ss:FontName="Arial" x:Family="Swiss"/>
   <Interior ss:Color="#CCFFFF" ss:Pattern="Solid"/>
   <NumberFormat/>
  </Style>
  <Style ss:ID="s72">
   <Alignment ss:Vertical="Top" ss:WrapText="1"/>
   <Borders>
    <Border ss:Position="Bottom" ss:LineStyle="Continuous" ss:Weight="2"/>
    <Border ss:Position="Left" ss:LineStyle="Continuous" ss:Weight="2"/>
    <Border ss:Position="Top" ss:LineStyle="Continuous" ss:Weight="2"/>
   </Borders>
   <Font ss:FontName="Arial" x:Family="Swiss"/>
   <Interior ss:Color="#C0C0C0" ss:Pattern="Solid"/>
   <NumberFormat ss:Format="@"/>
  </Style>
  <Style ss:ID="s73">
   <Alignment ss:Vertical="Top" ss:WrapText="1"/>
   <Borders>
    <Border ss:Position="Bottom" ss:LineStyle="Continuous" ss:Weight="1"/>
    <Border ss:Position="Left" ss:LineStyle="Continuous" ss:Weight="1"/>
    <Border ss:Position="Right" ss:LineStyle="Continuous" ss:Weight="1"/>
    <Border ss:Position="Top" ss:LineStyle="Continuous" ss:Weight="2"/>
   </Borders>
   <Font ss:FontName="Arial" x:Family="Swiss"/>
  </Style>
  <Style ss:ID="s74">
   <Alignment ss:Vertical="Top" ss:WrapText="1"/>
   <Borders>
    <Border ss:Position="Bottom" ss:LineStyle="Continuous" ss:Weight="1"/>
    <Border ss:Position="Left" ss:LineStyle="Continuous" ss:Weight="1"/>
    <Border ss:Position="Right" ss:LineStyle="Continuous" ss:Weight="1"/>
    <Border ss:Position="Top" ss:LineStyle="Continuous" ss:Weight="2"/>
   </Borders>
   <Font ss:FontName="Arial" x:Family="Swiss"/>
   <Interior/>
   <NumberFormat/>
  </Style>
  <Style ss:ID="s75">
   <Alignment ss:Vertical="Top" ss:WrapText="1"/>
   <Borders>
    <Border ss:Position="Bottom" ss:LineStyle="Continuous" ss:Weight="2"/>
    <Border ss:Position="Right" ss:LineStyle="Continuous" ss:Weight="2"/>
    <Border ss:Position="Top" ss:LineStyle="Continuous" ss:Weight="2"/>
   </Borders>
   <Font ss:FontName="Arial" x:Family="Swiss"/>
   <Interior ss:Color="#C0C0C0" ss:Pattern="Solid"/>
   <NumberFormat/>
  </Style>
  <Style ss:ID="s76">
   <Alignment ss:Vertical="Top" ss:WrapText="1"/>
   <Borders>
    <Border ss:Position="Bottom" ss:LineStyle="Continuous" ss:Weight="1"/>
    <Border ss:Position="Left" ss:LineStyle="Continuous" ss:Weight="1"/>
    <Border ss:Position="Right" ss:LineStyle="Continuous" ss:Weight="1"/>
    <Border ss:Position="Top" ss:LineStyle="Continuous" ss:Weight="1"/>
   </Borders>
   <Font ss:FontName="Arial" x:Family="Swiss"/>
  </Style>
  <Style ss:ID="s77">
   <Alignment ss:Vertical="Top" ss:WrapText="1"/>
   <Borders>
    <Border ss:Position="Bottom" ss:LineStyle="Continuous" ss:Weight="1"/>
    <Border ss:Position="Left" ss:LineStyle="Continuous" ss:Weight="1"/>
    <Border ss:Position="Right" ss:LineStyle="Continuous" ss:Weight="1"/>
    <Border ss:Position="Top" ss:LineStyle="Continuous" ss:Weight="1"/>
   </Borders>
   <Font ss:FontName="Arial" x:Family="Swiss"/>
   <Interior/>
   <NumberFormat/>
  </Style>
  <Style ss:ID="s78">
   <Alignment ss:Vertical="Top" ss:WrapText="1"/>
   <Borders>
    <Border ss:Position="Bottom" ss:LineStyle="Continuous" ss:Weight="2"
     ss:Color="#000000"/>
    <Border ss:Position="Right" ss:LineStyle="Continuous" ss:Weight="2"
     ss:Color="#000000"/>
    <Border ss:Position="Top" ss:LineStyle="Continuous" ss:Weight="2"
     ss:Color="#000000"/>
   </Borders>
   <Interior ss:Color="#C0C0C0" ss:Pattern="Solid"/>
   <NumberFormat ss:Format="@"/>
  </Style>
  <Style ss:ID="s80">
   <Alignment ss:Vertical="Top" ss:WrapText="1"/>
   <Borders>
    <Border ss:Position="Bottom" ss:LineStyle="Continuous" ss:Weight="2"
     ss:Color="#000000"/>
    <Border ss:Position="Left" ss:LineStyle="Continuous" ss:Weight="2"
     ss:Color="#000000"/>
    <Border ss:Position="Right" ss:LineStyle="Continuous" ss:Weight="2"
     ss:Color="#000000"/>
    <Border ss:Position="Top" ss:LineStyle="Continuous" ss:Weight="2"
     ss:Color="#000000"/>
   </Borders>
   <Interior ss:Color="#FFFFFF" ss:Pattern="Solid"/>
   <NumberFormat/>
  </Style>
  <Style ss:ID="s82">
   <Alignment ss:Vertical="Top" ss:WrapText="1"/>
   <Borders>
    <Border ss:Position="Bottom" ss:LineStyle="Continuous" ss:Weight="2"
     ss:Color="#000000"/>
    <Border ss:Position="Right" ss:LineStyle="Continuous" ss:Weight="2"
     ss:Color="#000000"/>
    <Border ss:Position="Top" ss:LineStyle="Continuous" ss:Weight="2"
     ss:Color="#000000"/>
   </Borders>
   <Interior ss:Color="#C0C0C0" ss:Pattern="Solid"/>
   <NumberFormat/>
  </Style>
  <Style ss:ID="s83">
   <Alignment ss:Vertical="Top" ss:WrapText="1"/>
   <Borders>
    <Border ss:Position="Bottom" ss:LineStyle="Continuous" ss:Weight="2"
     ss:Color="#000000"/>
    <Border ss:Position="Left" ss:LineStyle="Continuous" ss:Weight="2"
     ss:Color="#000000"/>
    <Border ss:Position="Right" ss:LineStyle="Continuous" ss:Weight="2"
     ss:Color="#000000"/>
    <Border ss:Position="Top" ss:LineStyle="Continuous" ss:Weight="2"
     ss:Color="#000000"/>
   </Borders>
   <Interior/>
   <NumberFormat/>
  </Style>
  <Style ss:ID="s84">
   <Alignment ss:Vertical="Top" ss:WrapText="1"/>
   <Borders>
    <Border ss:Position="Bottom" ss:LineStyle="Continuous" ss:Weight="2"
     ss:Color="#000000"/>
    <Border ss:Position="Right" ss:LineStyle="Continuous" ss:Weight="2"
     ss:Color="#000000"/>
    <Border ss:Position="Top" ss:LineStyle="Continuous" ss:Weight="2"
     ss:Color="#000000"/>
   </Borders>
   <Interior/>
   <NumberFormat/>
  </Style>
 </Styles>
 <Worksheet ss:Name="AHB to WB Bridge Test Plan">
  <Table ss:ExpandedColumnCount="10" ss:ExpandedRowCount="41" x:FullColumns="1"
   x:FullRows="1" ss:DefaultColumnWidth="53.25" ss:DefaultRowHeight="12">
   <Column ss:StyleID="s62" ss:AutoFitWidth="0" ss:Width="68.25"/>
   <Column ss:AutoFitWidth="0" ss:Width="132"/>
   <Column ss:AutoFitWidth="0" ss:Width="246"/>
   <Column ss:AutoFitWidth="0" ss:Width="237.75"/>
   <Column ss:AutoFitWidth="0" ss:Width="81"/>
   <Column ss:AutoFitWidth="0" ss:Width="62.25"/>
   <Column ss:AutoFitWidth="0" ss:Width="45"/>
   <Column ss:AutoFitWidth="0" ss:Width="81" ss:Span="2"/>
   <Row ss:AutoFitHeight="0" ss:Height="21.9375">
    <Cell ss:StyleID="s63"><Data ss:Type="String">Verification Plan for AHB to WB Bridge</Data></Cell>
   </Row>
   <Row ss:AutoFitHeight="0" ss:Height="12.9375"/>
   <Row ss:AutoFitHeight="0" ss:Height="18">
    <Cell ss:StyleID="s64"><Data ss:Type="String">Section</Data></Cell>
    <Cell ss:StyleID="s65"><Data ss:Type="String">Title</Data></Cell>
    <Cell ss:StyleID="s65"><Data ss:Type="String">Description</Data></Cell>
    <Cell ss:StyleID="s65"><Data ss:Type="String">Link</Data></Cell>
    <Cell ss:StyleID="s65"><Data ss:Type="String">Type</Data></Cell>
    <Cell ss:StyleID="s65"><Data ss:Type="String">Weight</Data></Cell>
    <Cell ss:StyleID="s65"><Data ss:Type="String">Goal</Data></Cell>
    <Cell ss:StyleID="s65"><Data ss:Type="String">Owner</Data></Cell>
    <Cell ss:StyleID="s65"><Data ss:Type="String">Manager</Data></Cell>
    <Cell ss:StyleID="s65"><Data ss:Type="String">Priority</Data></Cell>
   </Row>
   <Row ss:AutoFitHeight="0" ss:Height="18">
    <Cell ss:StyleID="s66"/>
    <Cell ss:StyleID="s67"><Data ss:Type="String">Simulation </Data></Cell>
    <Cell ss:StyleID="s68"/>
    <Cell ss:StyleID="s68"/>
    <Cell ss:StyleID="s68"/>
    <Cell ss:StyleID="s68"/>
    <Cell ss:StyleID="s68"/>
    <Cell ss:StyleID="s68"/>
    <Cell ss:StyleID="s68"/>
    <Cell ss:StyleID="s68"/>
   </Row>
   <Row ss:AutoFitHeight="0" ss:Height="12.9375">
    <Cell ss:StyleID="s69"><Data ss:Type="String">1</Data></Cell>
    <Cell ss:StyleID="s70"><Data ss:Type="String">AHB_Bus</Data></Cell>
    <Cell ss:StyleID="s71"/>
    <Cell ss:StyleID="s71"/>
    <Cell ss:StyleID="s71"/>
    <Cell ss:StyleID="s71"><Data ss:Type="Number">1</Data></Cell>
    <Cell ss:StyleID="s71"><Data ss:Type="Number">100</Data></Cell>
    <Cell ss:StyleID="s71"/>
    <Cell ss:StyleID="s71"/>
    <Cell ss:StyleID="s71"/>
   </Row>
   <Row ss:AutoFitHeight="0" ss:Height="36.9375">
    <Cell ss:StyleID="s72"><Data ss:Type="String">1.1</Data></Cell>
    <Cell ss:StyleID="s73"><Data ss:Type="String">AHB Protocol checks</Data></Cell>
    <Cell ss:StyleID="s73"><Data ss:Type="String">Verify the signaling between:hsel and hready, hsel and haddr, hwrite and hwdata</Data></Cell>
    <Cell ss:StyleID="s73"><Data ss:Type="String">assert__ahb_hready_follows_hsel assert__ahb_address_stable_throughout_transfer assert__ahb_wdata_stable_throughout_write</Data></Cell>
    <Cell ss:StyleID="s73"><Data ss:Type="String">Assertion Assertion Assertion</Data></Cell>
    <Cell ss:StyleID="s74"><Data ss:Type="Number">1</Data></Cell>
    <Cell ss:StyleID="s74"><Data ss:Type="Number">100</Data></Cell>
    <Cell ss:StyleID="s75"><Data ss:Type="String">tstark</Data></Cell>
    <Cell ss:StyleID="s75"><Data ss:Type="String">nfury</Data></Cell>
    <Cell ss:StyleID="s75"><Data ss:Type="Number">2</Data></Cell>
   </Row>
   <Row ss:AutoFitHeight="0" ss:Height="24.9375">
    <Cell ss:StyleID="s72"><Data ss:Type="String">1.2</Data></Cell>
    <Cell ss:StyleID="s76"><Data ss:Type="String">AHB Transaction Covergroup</Data></Cell>
    <Cell ss:StyleID="s76"><Data ss:Type="String">All coverpoints within the AHB transaction covergroup</Data></Cell>
    <Cell ss:StyleID="s76"><Data ss:Type="String">ahb_transaction_cg</Data></Cell>
    <Cell ss:StyleID="s76"><Data ss:Type="String">CoverGroup</Data></Cell>
    <Cell ss:StyleID="s77"><Data ss:Type="Number">1</Data></Cell>
    <Cell ss:StyleID="s77"><Data ss:Type="Number">100</Data></Cell>
    <Cell ss:StyleID="s75"><Data ss:Type="String">tstark</Data></Cell>
    <Cell ss:StyleID="s75"><Data ss:Type="String">nfury</Data></Cell>
    <Cell ss:StyleID="s75"><Data ss:Type="Number">1</Data></Cell>
   </Row>
   <Row ss:AutoFitHeight="0" ss:Height="24.9375">
    <Cell ss:StyleID="s72"><Data ss:Type="String">1.3</Data></Cell>
    <Cell ss:StyleID="s76"><Data ss:Type="String">AHB Address Transitions</Data></Cell>
    <Cell ss:StyleID="s76"><Data ss:Type="String">Ensure the following address series: to_upper, acc_seq</Data></Cell>
    <Cell ss:StyleID="s76"><Data ss:Type="String">ahb_transaction_cg::addr_transitions</Data></Cell>
    <Cell ss:StyleID="s76"><Data ss:Type="String">Coverpoint</Data></Cell>
    <Cell ss:StyleID="s77"><Data ss:Type="Number">1</Data></Cell>
    <Cell ss:StyleID="s77"><Data ss:Type="Number">100</Data></Cell>
    <Cell ss:StyleID="s75"><Data ss:Type="String">bbanner</Data></Cell>
    <Cell ss:StyleID="s75"><Data ss:Type="String">nfury</Data></Cell>
    <Cell ss:StyleID="s75"><Data ss:Type="Number">2</Data></Cell>
   </Row>
   <Row ss:AutoFitHeight="0" ss:Height="12.9375">
    <Cell ss:StyleID="s72"><Data ss:Type="String">1.4</Data></Cell>
    <Cell ss:StyleID="s76"><Data ss:Type="String">AHB RW Access</Data></Cell>
    <Cell ss:StyleID="s76"><Data ss:Type="String">Ensure all addresses written to and read from</Data></Cell>
    <Cell ss:StyleID="s76"><Data ss:Type="String">ahb_transaction_cg::op_x_addr</Data></Cell>
    <Cell ss:StyleID="s76"><Data ss:Type="String">Cross</Data></Cell>
    <Cell ss:StyleID="s77"><Data ss:Type="Number">1</Data></Cell>
    <Cell ss:StyleID="s77"><Data ss:Type="Number">100</Data></Cell>
    <Cell ss:StyleID="s75"><Data ss:Type="String">srodgers</Data></Cell>
    <Cell ss:StyleID="s75"><Data ss:Type="String">nfury</Data></Cell>
    <Cell ss:StyleID="s75"><Data ss:Type="Number">3</Data></Cell>
   </Row>
   <Row ss:AutoFitHeight="0" ss:Height="12.9375">
    <Cell ss:StyleID="s69"><Data ss:Type="String">2</Data></Cell>
    <Cell ss:StyleID="s70"><Data ss:Type="String">WB_Bus</Data></Cell>
    <Cell ss:StyleID="s71"/>
    <Cell ss:StyleID="s71"/>
    <Cell ss:StyleID="s71"/>
    <Cell ss:StyleID="s71"><Data ss:Type="Number">1</Data></Cell>
    <Cell ss:StyleID="s71"><Data ss:Type="Number">100</Data></Cell>
    <Cell ss:StyleID="s71"/>
    <Cell ss:StyleID="s71"/>
    <Cell ss:StyleID="s71"/>
   </Row>
   <Row ss:AutoFitHeight="0" ss:Height="24.9375">
    <Cell ss:StyleID="s72"><Data ss:Type="String">2.1</Data></Cell>
    <Cell ss:StyleID="s76"><Data ss:Type="String">WB Transaction Covergroup</Data></Cell>
    <Cell ss:StyleID="s76"><Data ss:Type="String">All coverpoints within the WB transaction covergroup</Data></Cell>
    <Cell ss:StyleID="s76"><Data ss:Type="String">wb_transaction_cg</Data></Cell>
    <Cell ss:StyleID="s76"><Data ss:Type="String">CoverGroup</Data></Cell>
    <Cell ss:StyleID="s77"><Data ss:Type="Number">1</Data></Cell>
    <Cell ss:StyleID="s77"><Data ss:Type="Number">100</Data></Cell>
    <Cell ss:StyleID="s75"><Data ss:Type="String">mmouse</Data></Cell>
    <Cell ss:StyleID="s75"><Data ss:Type="String">wdisney</Data></Cell>
    <Cell ss:StyleID="s75"><Data ss:Type="Number">1</Data></Cell>
   </Row>
   <Row ss:AutoFitHeight="0" ss:Height="12.9375">
    <Cell ss:StyleID="s72"><Data ss:Type="String">2.2</Data></Cell>
    <Cell ss:StyleID="s76"><Data ss:Type="String">WB Address Transitions</Data></Cell>
    <Cell ss:StyleID="s76"><Data ss:Type="String">Use all possible delay values</Data></Cell>
    <Cell ss:StyleID="s76"><Data ss:Type="String">wb_transaction_cg::delay</Data></Cell>
    <Cell ss:StyleID="s76"><Data ss:Type="String">Coverpoint</Data></Cell>
    <Cell ss:StyleID="s77"><Data ss:Type="Number">1</Data></Cell>
    <Cell ss:StyleID="s77"><Data ss:Type="Number">100</Data></Cell>
    <Cell ss:StyleID="s75"><Data ss:Type="String">dduck</Data></Cell>
    <Cell ss:StyleID="s75"><Data ss:Type="String">wdisney</Data></Cell>
    <Cell ss:StyleID="s75"><Data ss:Type="Number">2</Data></Cell>
   </Row>
   <Row ss:AutoFitHeight="0" ss:Height="12.9375">
    <Cell ss:StyleID="s72"><Data ss:Type="String">2.3</Data></Cell>
    <Cell ss:StyleID="s76"><Data ss:Type="String">WB RW Access</Data></Cell>
    <Cell ss:StyleID="s76"><Data ss:Type="String">Ensure all addresses written to and read from</Data></Cell>
    <Cell ss:StyleID="s76"><Data ss:Type="String">ahb_transaction_cg::op_x_addr</Data></Cell>
    <Cell ss:StyleID="s76"><Data ss:Type="String">Cross</Data></Cell>
    <Cell ss:StyleID="s77"><Data ss:Type="Number">1</Data></Cell>
    <Cell ss:StyleID="s77"><Data ss:Type="Number">100</Data></Cell>
    <Cell ss:StyleID="s75"><Data ss:Type="String">mmouse</Data></Cell>
    <Cell ss:StyleID="s75"><Data ss:Type="String">wdisney</Data></Cell>
    <Cell ss:StyleID="s75"><Data ss:Type="Number">3</Data></Cell>
   </Row>
   <Row ss:AutoFitHeight="0" ss:Height="12.9375">
    <Cell ss:StyleID="s69"><Data ss:Type="String">3</Data></Cell>
    <Cell ss:StyleID="s70"><Data ss:Type="String">Compulsory_Tests</Data></Cell>
    <Cell ss:StyleID="s71"/>
    <Cell ss:StyleID="s71"/>
    <Cell ss:StyleID="s71"/>
    <Cell ss:StyleID="s71"><Data ss:Type="Number">1</Data></Cell>
    <Cell ss:StyleID="s71"><Data ss:Type="Number">100</Data></Cell>
    <Cell ss:StyleID="s71"/>
    <Cell ss:StyleID="s71"/>
    <Cell ss:StyleID="s71"/>
   </Row>
   <Row ss:AutoFitHeight="0" ss:Height="12.9375">
    <Cell ss:StyleID="s72"><Data ss:Type="String">3.1</Data></Cell>
    <Cell ss:StyleID="s76"><Data ss:Type="String">Base test</Data></Cell>
    <Cell ss:StyleID="s76"><Data ss:Type="String">Run test_top</Data></Cell>
    <Cell ss:StyleID="s76"><Data ss:Type="String">ahb2wb_test_top_*</Data></Cell>
    <Cell ss:StyleID="s76"><Data ss:Type="String">test</Data></Cell>
    <Cell ss:StyleID="s77"><Data ss:Type="Number">1</Data></Cell>
    <Cell ss:StyleID="s77"><Data ss:Type="Number">100</Data></Cell>
    <Cell ss:StyleID="s75"><Data ss:Type="String">bbunny</Data></Cell>
    <Cell ss:StyleID="s75"><Data ss:Type="String">cjones</Data></Cell>
    <Cell ss:StyleID="s75"><Data ss:Type="Number">3</Data></Cell>
   </Row>
   <Row ss:AutoFitHeight="0" ss:Height="12.9375">
    <Cell ss:StyleID="s72"><Data ss:Type="String">3.2</Data></Cell>
    <Cell ss:StyleID="s76"><Data ss:Type="String">Random test</Data></Cell>
    <Cell ss:StyleID="s76"><Data ss:Type="String">Run ahb_random_test</Data></Cell>
    <Cell ss:StyleID="s76"><Data ss:Type="String">ahb2wb_ahb_random_test_*</Data></Cell>
    <Cell ss:StyleID="s76"><Data ss:Type="String">test</Data></Cell>
    <Cell ss:StyleID="s77"><Data ss:Type="Number">1</Data></Cell>
    <Cell ss:StyleID="s77"><Data ss:Type="Number">100</Data></Cell>
    <Cell ss:StyleID="s75"><Data ss:Type="String">efudd</Data></Cell>
    <Cell ss:StyleID="s75"><Data ss:Type="String">cjones</Data></Cell>
    <Cell ss:StyleID="s75"><Data ss:Type="Number">1</Data></Cell>
   </Row>
   <Row ss:AutoFitHeight="0" ss:Height="12.9375">
    <Cell ss:StyleID="s72"><Data ss:Type="String">3.3</Data></Cell>
    <Cell ss:StyleID="s76"><Data ss:Type="String">Bridging test</Data></Cell>
    <Cell ss:StyleID="s76"><Data ss:Type="String">Test bridge mapping range</Data></Cell>
    <Cell ss:StyleID="s76"><Data ss:Type="String">ahb2wb_ahb_wb_bridge_range_test_*</Data></Cell>
    <Cell ss:StyleID="s76"><Data ss:Type="String">test</Data></Cell>
    <Cell ss:StyleID="s77"><Data ss:Type="Number">1</Data></Cell>
    <Cell ss:StyleID="s77"><Data ss:Type="Number">100</Data></Cell>
    <Cell ss:StyleID="s75"><Data ss:Type="String">fleghorn</Data></Cell>
    <Cell ss:StyleID="s75"><Data ss:Type="String">cjones</Data></Cell>
    <Cell ss:StyleID="s75"><Data ss:Type="Number">2</Data></Cell>
   </Row>
   <Row ss:AutoFitHeight="0" ss:Height="12.9375">
    <Cell ss:StyleID="s69"><Data ss:Type="String">4</Data></Cell>
    <Cell ss:StyleID="s70"><Data ss:Type="String">Code_Coverage</Data></Cell>
    <Cell ss:StyleID="s71"/>
    <Cell ss:StyleID="s71"/>
    <Cell ss:StyleID="s71"/>
    <Cell ss:StyleID="s71"><Data ss:Type="Number">1</Data></Cell>
    <Cell ss:StyleID="s71"><Data ss:Type="Number">100</Data></Cell>
    <Cell ss:StyleID="s71"/>
    <Cell ss:StyleID="s71"/>
    <Cell ss:StyleID="s71"/>
   </Row>
   <Row ss:AutoFitHeight="0" ss:Height="51">
    <Cell ss:StyleID="s78"><Data ss:Type="String">4.1</Data></Cell>
    <Cell ss:StyleID="s80"><Data ss:Type="String" x:Ticked="1">RTL Core </Data></Cell>
    <Cell ss:StyleID="s82"><Data ss:Type="String" x:Ticked="1">&quot;Ensure that all design units have &#13;100% statement coverage&#13;100% branch coverage&quot;&#13;</Data></Cell>
    <Cell ss:StyleID="s83"><Data ss:Type="String">/hdl_top/DUT</Data></Cell>
    <Cell ss:StyleID="s76"><Data ss:Type="String">Instance</Data></Cell>
    <Cell ss:StyleID="s84"><Data ss:Type="Number">1</Data></Cell>
    <Cell ss:StyleID="s77"><Data ss:Type="Number">100</Data></Cell>
    <Cell ss:StyleID="s75"><Data ss:Type="String">todinson</Data></Cell>
    <Cell ss:StyleID="s75"><Data ss:Type="String">nfury</Data></Cell>
    <Cell ss:StyleID="s75"><Data ss:Type="Number">3</Data></Cell>
   </Row>
   <Row ss:AutoFitHeight="0">
    <Cell ss:StyleID="Default"/>
   </Row>
   <Row ss:AutoFitHeight="0">
    <Cell ss:StyleID="Default"/>
   </Row>
   <Row ss:AutoFitHeight="0">
    <Cell ss:StyleID="Default"/>
   </Row>
   <Row ss:AutoFitHeight="0">
    <Cell ss:StyleID="Default"/>
   </Row>
   <Row ss:AutoFitHeight="0">
    <Cell ss:StyleID="Default"/>
   </Row>
   <Row ss:AutoFitHeight="0">
    <Cell ss:StyleID="Default"/>
   </Row>
   <Row ss:AutoFitHeight="0">
    <Cell ss:StyleID="Default"/>
   </Row>
   <Row ss:AutoFitHeight="0">
    <Cell ss:StyleID="Default"/>
   </Row>
   <Row ss:AutoFitHeight="0">
    <Cell ss:StyleID="Default"/>
   </Row>
   <Row ss:AutoFitHeight="0">
    <Cell ss:StyleID="Default"/>
   </Row>
   <Row ss:AutoFitHeight="0">
    <Cell ss:StyleID="Default"/>
   </Row>
   <Row ss:AutoFitHeight="0">
    <Cell ss:StyleID="Default"/>
   </Row>
   <Row ss:AutoFitHeight="0">
    <Cell ss:StyleID="Default"/>
   </Row>
   <Row ss:AutoFitHeight="0">
    <Cell ss:StyleID="Default"/>
   </Row>
   <Row ss:AutoFitHeight="0">
    <Cell ss:StyleID="Default"/>
   </Row>
   <Row ss:AutoFitHeight="0">
    <Cell ss:StyleID="Default"/>
   </Row>
   <Row ss:AutoFitHeight="0">
    <Cell ss:StyleID="Default"/>
   </Row>
   <Row ss:AutoFitHeight="0">
    <Cell ss:StyleID="Default"/>
   </Row>
   <Row ss:AutoFitHeight="0">
    <Cell ss:StyleID="Default"/>
   </Row>
   <Row ss:AutoFitHeight="0">
    <Cell ss:StyleID="Default"/>
   </Row>
   <Row ss:AutoFitHeight="0">
    <Cell ss:StyleID="Default"/>
   </Row>
   <Row ss:AutoFitHeight="0">
    <Cell ss:StyleID="Default"/>
   </Row>
  </Table>
  <WorksheetOptions xmlns="urn:schemas-microsoft-com:office:excel">
   <Unsynced/>
   <Print>
    <ValidPrinterInfo/>
    <PaperSizeIndex>9</PaperSizeIndex>
    <HorizontalResolution>600</HorizontalResolution>
    <VerticalResolution>600</VerticalResolution>
   </Print>
   <Selected/>
   <Panes>
    <Pane>
     <Number>3</Number>
     <ActiveRow>18</ActiveRow>
     <ActiveCol>5</ActiveCol>
    </Pane>
   </Panes>
   <ProtectObjects>False</ProtectObjects>
   <ProtectScenarios>False</ProtectScenarios>
   <x:PageLayoutZoom>0</x:PageLayoutZoom>
  </WorksheetOptions>
 </Worksheet>
</Workbook>
